﻿<?xml version="1.0" encoding="utf-8" ?>
<log4net>
  <appender name="FileAppender" type="log4net.Appender.RollingFileAppender">
    <file type="log4net.Util.PatternString" value="E:\LogFiles\cwbapi\castlists.log" />
    <!--<file type="log4net.Util.PatternString" value="%property{appRoot}\app.log" />-->
    <appendToFile value="true" />
    <rollingStyle value="Size" />
    <maximumFileSize value="10MB" />
    <maxSizeRollBackups value="20" />
    <staticLogFileName value="true" />
    <lockingModel type="log4net.Appender.FileAppender+MinimalLock" />
    <layout type="log4net.Layout.PatternLayout">
      <conversionPattern value="%date [%thread] %-5level %logger - %message%newline" />
    </layout>
  </appender>
  <appender name="ConsoleAppender" type="log4net.Appender.ConsoleAppender">
    <layout type="log4net.Layout.PatternLayout">
      <conversionPattern value="%date [%thread] %-5level %logger - %message%newline" />
    </layout>
  </appender>
  <root>
	<level value="WARN" />
    <appender-ref ref="FileAppender" />
  </root>
</log4net>