﻿<?xml version="1.0" encoding="utf-8" ?>
<log4net>
  <appender name="FileAppender" type="log4net.Appender.RollingFileAppender">
    <file type="log4net.Util.PatternString" value="E:\LogFiles\cwbapi\castlists.log" />
    <appendToFile value="true" />
    <rollingStyle value="Size" />
    <maximumFileSize value="10MB" />
    <maxSizeRollBackups value="20" />
    <staticLogFileName value="true" />
    <lockingModel type="log4net.Appender.FileAppender+MinimalLock" />
    <layout type="log4net.Layout.PatternLayout">
      <conversionPattern value="%date [%thread] %-5level %logger - %message%newline" />
    </layout>
  </appender>
  <appender name="ConsoleAppender" type="log4net.Appender.ConsoleAppender">
    <layout type="log4net.Layout.PatternLayout">
      <conversionPattern value="%date [%thread] %-5level %logger - %message%newline" />
    </layout>
  </appender>
  <appender name="AdoNetAppender" type="log4net.Appender.AdoNetAppender">
    <bufferSize value="1" />
    <connectionType value="System.Data.SqlClient.SqlConnection, System.Data, Version=1.0.3300.0, Culture=neutral, PublicKeyToken=b77a5c561934e089" />
    <connectionString value="data source=godfatherint2014;initial catalog=ApplicationLogs;User ID=casting;Password=knight;Application Name=PMLog" />
    <commandText value="INSERT INTO Logs ([Date],[Thread],[Level],[Logger],[Message],[Exception],[AppName]) VALUES (@log_date, @thread, @log_level, @logger, @message, @exception, @app)" />
    <parameter>
      <parameterName value="@log_date" />
      <dbType value="DateTime" />
      <layout type="log4net.Layout.RawTimeStampLayout" />
    </parameter>
    <parameter>
      <parameterName value="@thread" />
      <dbType value="String" />
      <size value="255" />
      <layout type="log4net.Layout.PatternLayout">
        <conversionPattern value="%thread" />
      </layout>
    </parameter>
    <parameter>
      <parameterName value="@log_level" />
      <dbType value="String" />
      <size value="50" />
      <layout type="log4net.Layout.PatternLayout">
        <conversionPattern value="%level" />
      </layout>
    </parameter>
    <parameter>
      <parameterName value="@logger" />
      <dbType value="String" />
      <size value="255" />
      <layout type="log4net.Layout.PatternLayout">
        <conversionPattern value="%logger" />
      </layout>
    </parameter>
    <parameter>
      <parameterName value="@message" />
      <dbType value="String" />
      <size value="4000" />
      <layout type="log4net.Layout.PatternLayout">
        <conversionPattern value="%message" />
      </layout>
    </parameter>
    <parameter>
      <parameterName value="@exception" />
      <dbType value="String" />
      <size value="2000" />
      <layout type="log4net.Layout.ExceptionLayout" />
    </parameter>
    <parameter>
      <parameterName value="@app"/>
      <dbType value="String"/>
      <size value="100"/>
      <layout type="log4net.Layout.PatternLayout">
        <conversionPattern value="ProfileManagement"/>
      </layout>
    </parameter>
  </appender>
  <root>
    <appender-ref ref="FileAppender" />
    <appender-ref ref="AdoNetAppender" />
  </root>
</log4net>